{"cameraMode":{"drawMode":0,"name":"Shaded","section":"Shading Mode"},"sceneLighting":false,"audioPlay":false,"sceneViewState":{"showFog":true,"showMaterialUpdate":false,"showSkybox":true,"showFlares":true,"showImageEffects":true,"showParticleSystems":true},"in2DMode":false,"pivot":{"x":-40.29362106323242,"y":0.7528040409088135,"z":-33.416481018066409},"rotation":{"x":0.030060920864343644,"y":0.7028725147247315,"z":-0.0297560952603817,"w":0.7100571990013123},"size":1.9070147275924683,"orthographic":false}