{"cameraMode":{"drawMode":0,"name":"Shaded","section":"Shading Mode"},"sceneLighting":false,"audioPlay":false,"sceneViewState":{"showFog":true,"showMaterialUpdate":false,"showSkybox":true,"showFlares":true,"showImageEffects":true,"showParticleSystems":true},"in2DMode":false,"pivot":{"x":-40.50293731689453,"y":0.7528040409088135,"z":-32.33843994140625},"rotation":{"x":0.030060920864343644,"y":0.7028725147247315,"z":-0.0297560952603817,"w":0.7100571990013123},"size":0.9535114169120789,"orthographic":false}