{"cameraMode":{"drawMode":0,"name":"Shaded","section":"Shading Mode"},"sceneLighting":false,"audioPlay":false,"sceneViewState":{"showFog":true,"showMaterialUpdate":false,"showSkybox":true,"showFlares":true,"showImageEffects":true,"showParticleSystems":true},"in2DMode":false,"pivot":{"x":-0.008104745298624039,"y":1.1065984964370728,"z":0.6274152994155884},"rotation":{"x":0.0755375549197197,"y":0.6695213913917542,"z":-0.06873863190412522,"w":0.7357378602027893},"size":10.652978897094727,"orthographic":false}