{"cameraMode":{"drawMode":0,"name":"Shaded","section":"Shading Mode"},"sceneLighting":true,"audioPlay":false,"sceneViewState":{"showFog":true,"showMaterialUpdate":false,"showSkybox":true,"showFlares":true,"showImageEffects":true,"showParticleSystems":true},"in2DMode":false,"pivot":{"x":-32.88631057739258,"y":4.4320902824401859,"z":-23.938404083251954},"rotation":{"x":-0.036301642656326297,"y":-0.0014944428112357855,"z":0.000054262422054307535,"w":-0.999339759349823},"size":6.700061321258545,"orthographic":false}