{"cameraMode":{"drawMode":0,"name":"Shaded","section":"Shading Mode"},"sceneLighting":true,"audioPlay":false,"sceneViewState":{"showFog":true,"showMaterialUpdate":false,"showSkybox":true,"showFlares":true,"showImageEffects":true,"showParticleSystems":true},"in2DMode":false,"pivot":{"x":-32.88631057739258,"y":4.4320902824401859,"z":-23.938404083251954},"rotation":{"x":-0.1904107928276062,"y":0.7671201825141907,"z":-0.264309823513031,"w":-0.5526397824287415},"size":5.800060749053955,"orthographic":false}