{"cameraMode":{"drawMode":0,"name":"Shaded","section":"Shading Mode"},"sceneLighting":true,"audioPlay":false,"sceneViewState":{"showFog":true,"showMaterialUpdate":false,"showSkybox":true,"showFlares":true,"showImageEffects":true,"showParticleSystems":true},"in2DMode":false,"pivot":{"x":-35.260589599609378,"y":1.4821605682373047,"z":-20.447975158691408},"rotation":{"x":0.27857065200805666,"y":0.005454068537801504,"z":-0.0015821903944015504,"w":0.9603989720344544},"size":39.42061996459961,"orthographic":false}