{"cameraMode":{"drawMode":0,"name":"Shaded","section":"Shading Mode"},"sceneLighting":true,"audioPlay":false,"sceneViewState":{"showFog":true,"showMaterialUpdate":false,"showSkybox":true,"showFlares":true,"showImageEffects":true,"showParticleSystems":true},"in2DMode":false,"pivot":{"x":-38.16526412963867,"y":2.5817179679870607,"z":-28.10454750061035},"rotation":{"x":0.0011615816038101912,"y":-0.9020065665245056,"z":-0.0024265157990157606,"w":-0.4317139983177185},"size":8.121566772460938,"orthographic":false}