{"cameraMode":{"drawMode":0,"name":"Shaded","section":"Shading Mode"},"sceneLighting":false,"audioPlay":false,"sceneViewState":{"showFog":true,"showMaterialUpdate":false,"showSkybox":true,"showFlares":true,"showImageEffects":true,"showParticleSystems":true},"in2DMode":false,"pivot":{"x":-37.15229797363281,"y":1.94602370262146,"z":-34.86676025390625},"rotation":{"x":0.19363918900489808,"y":-0.06531771272420883,"z":0.012924888171255589,"w":0.9788107872009277},"size":6.700061321258545,"orthographic":false}