{"cameraMode":{"drawMode":0,"name":"Shaded","section":"Shading Mode"},"sceneLighting":false,"audioPlay":false,"sceneViewState":{"showFog":true,"showMaterialUpdate":false,"showSkybox":true,"showFlares":true,"showImageEffects":true,"showParticleSystems":true},"in2DMode":false,"pivot":{"x":-27.762866973876954,"y":2.344214677810669,"z":-52.50814437866211},"rotation":{"x":-0.14597688615322114,"y":-0.2582034170627594,"z":0.039499297738075259,"w":-0.9541810750961304},"size":4.697932243347168,"orthographic":false}